ID	HMDB_ID	standard_metName	metName	Gene_name	Protein_name	Annotation	Evidence
1	HMDB0006247	25-Hydroxycholesterol	25-Hydroxycholesterol	ABCA1	Phospholipid-transporting ATPase ABCA1	Transporter	16611739
3	HMDB0000517	L-Arginine	Arginine; L-Arginine	SLC7A1	High affinity cationic amino acid transporter 1	Transporter	33209975; 17325243; 33639836; 23831616; 22144986; 19067360; Recon2
4	HMDB0000030	Biotin	Biotin	SLC5A6	Sodium-dependent multivitamin transporter	Transporter	27084392
5	HMDB0000067	Cholesterol	Cholesterol	CD36	Platelet glycoprotein 4	Transporter	21763723; 32531545; 16133421; 10383407; 23247049; 15949682; 12145296; 28928671; 29883404; 34584385; 19718657; 29593722; 25174330; 27890613; 32684173; 18311054; 24371122; 21262584; 16959872; 20338238; 25250848; 23099443; 15168018; 16299001; 26828064; 19147991; 10946357; 23880196; 19016618; 23422832; 21474828; 28122883; 30702457; 21272192; 15136056; 18331615; 17464999; 32058595; 18276752; 31988148; 34603769; 17291449; 20170635; 16503643; 10713080; 10625497; 21674150; 26153221; 12488595; 24733016; 29533793; 12547883; 26582580; 31967154; 28634191; 20112301; 19937569; 21181286; 20360851; 33457418; 21217164; 16123174; 24515116; 18402819; 19028791; 27323079; 18305138; 33211179; 21034810; 11718687; 24162852; 18772361; 32308181; 25703059; 22858201; 28555086; 26759003; 28965954; 16517147; 32982800; 15345670; 19436068; 26832365; 21190831; 25855981; 32952497; 19074161
6	HMDB0000073	Dopamine	Dopamine	SLC6A3	Sodium-dependent dopamine transporter	Transporter	30967134; 12707943; 27217152; 28924877; 17466074
7	HMDB0000148	L-Glutamic acid	Glutamate	SLC1A5	Neutral amino acid transporter B(0)	Transporter	29208682
8	HMDB0000641	L-Glutamine	L-Glutamine; Glutamine	SLC1A5	Neutral amino acid transporter B(0)	Transporter	31535081; 30452920; 33953707; 34525179; 27154413; 25683269; 31881361; 28798141; 28507054; 25337245; 23213057; 32438035; 30025811; 33632871; 30935948; 33505538; 32422185; 30470977; 30671766; 25759021; 32747796; 31150647; 34054543; 31668020; 29208682; 32996252; 29542325; 30541099; 30071532; 34075790; 31866442; 26724577; 27055152; 33457003; 29337138; 32021249
9	HMDB0000641	L-Glutamine	L-Glutamine; Glutamine	SLC38A2	Sodium-coupled neutral amino acid transporter 2	Transporter	32996252; 25759021; 26724577
10	HMDB0000641	L-Glutamine	Glutamine	SLC3A2	4F2 cell-surface antigen heavy chain	Transporter	33953707; 30671766
11	HMDB0000641	L-Glutamine	Glutamine	SLC7A5	Large neutral amino acids transporter small subunit 1	Transporter	33953707; 30671766; 26724577; 33505538
12	HMDB0003276	Hydrogen sulfide	Hydrogen sulfide	CD36	Platelet glycoprotein 4	Receptor	31262715
13	HMDB0015531	Iron	Iron	SLC11A2	Natural resistance-associated macrophage protein 2	Transporter	23506870
14	HMDB0015531	Iron	Iron	SLC40A1	Solute carrier family 40 member 1	Transporter	25209728; 30852438; 27667161; 24644245; 21875943; 20675164; 23506870; 21199650; 33787609; 17181986; 14757427; 15338274; 27773819; 23922661; 29212168; 24121729; 28219768; 28978826; 21175851
15	HMDB0001311	D-Lactic acid	Lactate	SLC16A1	Monocarboxylate transporter 1	Transporter	32144120; 22428047
16	HMDB0000687	L-Leucine	Leucine	SLC1A5	Neutral amino acid transporter B(0)	Transporter	33953707; 30071532; 30470977
17	HMDB0000687	L-Leucine	Leucine	SLC3A2	4F2 cell-surface antigen heavy chain	Transporter	33953707
18	HMDB0000687	L-Leucine	Leucine	SLC7A5	Large neutral amino acids transporter small subunit 1	Transporter	33953707
19	HMDB0001429	Phosphate	Phosphate	SLC20A2	Sodium-dependent phosphate transporter 2	Transporter	30721528
20	HMDB0000259	Serotonin	Serotonin	SLC6A4	Sodium-dependent serotonin transporter	Transporter	33868590; 31342534; 16251523; 25012842
21	HMDB0000235	Thiamine	Thiamine	SLC19A1	Reduced folate transporter	Transporter	28284395; 32498429
22	HMDB0000235	Thiamine	Thiamine	SLC19A2	Thiamine transporter 1	Transporter	28284395; 32498429
23	HMDB0000338	2-Hydroxyestradiol	2-Hydroxyestradiol	ESR1	Estrogen receptor	Receptor	27312859
24	HMDB0006247	25-Hydroxycholesterol	25-Hydroxycholesterol	ESR1	Estrogen receptor	Receptor	21304949
25	HMDB0002103	27-Hydroxycholesterol	27-Hydroxycholesterol	ESR1	Estrogen receptor	Receptor	33408073
26	HMDB0000022	3-Methoxytyramine	3-Methoxytyramine	TAAR1	Trace amine-associated receptor 1	Receptor	22483291
27	HMDB0001149	5-Aminolevulinic acid	5-Aminolevulinic acid	TSPO2	Translocator protein 2	Transporter	31989647
28	HMDB0000045	Adenosine monophosphate	AMP	ADORA1	Adenosine receptor A1	Receptor	32417395
29	HMDB0000895	Acetylcholine	Acetylcholine	CHRM1	Muscarinic acetylcholine receptor M1	Receptor	30157420
30	HMDB0000895	Acetylcholine	Acetylcholine	CHRM2	Muscarinic acetylcholine receptor M2	Receptor	23743182
31	HMDB0000895	Acetylcholine	Acetylcholine	CHRM3	Muscarinic acetylcholine receptor M3	Receptor	30157420
32	HMDB0000895	Acetylcholine	Acetylcholine	CHRNA1	Acetylcholine receptor subunit alpha	Receptor	28045942
33	HMDB0000895	Acetylcholine	Acetylcholine	CHRNA2	Neuronal acetylcholine receptor subunit alpha-2	Receptor	29785025
34	HMDB0000895	Acetylcholine	Acetylcholine	CHRNA4	Neuronal acetylcholine receptor subunit alpha-4	Receptor	15902904
35	HMDB0000895	Acetylcholine	Acetylcholine	CHRNA7	Neuronal acetylcholine receptor subunit alpha-7	Receptor	32321403
36	HMDB0001178	Adenosine diphosphate ribose	Adenosine diphosphate ribose	TRPM2	Transient receptor potential cation channel subfamily M member 2	Receptor	22493272
37	HMDB0000050	Adenosine	Adenosine	ADORA1	Adenosine receptor A1	Receptor	28598776; 23956030; 31675497; 27747290; 28196272; 33067580
38	HMDB0000050	Adenosine	Adenosine	ADORA2A	Adenosine receptor A2a	Receptor	34255555; 29298852; 28598776; 23956030; 27747290; 17616786; 19635551
39	HMDB0000050	Adenosine	Adenosine	ADORA2B	Adenosine receptor A2b	Receptor	28598776; 23956030; 23540714; 25087184; 27747290; 22504483; 31570448
40	HMDB0000050	Adenosine	Adenosine	ADORA3	Adenosine receptor A3	Receptor	23956030; 26194548; 28598776
41	HMDB0004080	Anandamide	Anandamide	CNR1	Cannabinoid receptor 1	Receptor	17935697; 26900150
42	HMDB0004080	Anandamide	Anandamide	CNR2	Cannabinoid receptor 2	Receptor	26900150; 20133390
43	HMDB0004080	Anandamide	Anandamide	TRPV1	Transient receptor potential cation channel subfamily V member 1	Receptor	17935697; 29504066; 22568077; 17704831; 23573230; 17591864; 30243113; 22394688; 19647120; 14517174; 16107881
44	HMDB0000517	L-Arginine	Arginine	AVPR2	Vasopressin V2 receptor	Receptor	24706579
45	HMDB0000067	Cholesterol	Cholesterol	LDLR	Low-density lipoprotein receptor	Receptor	10974047; 19063703; 26520906; 20090943; 26281596; 32855525; 23221398; 25487149; 24900971; 32220355; 34103960; 16741953; 27247956; 32236613; 25023761; 25394495; 32368969; 14978770; 18162663; 19913121; 28919473; 25403094; 27834848; 24675665; 33757439; 22911757; 29535632; 28762182; 22470048; 23580231; 27735997; 30273964; 31437157; 30566603; 16236385; 33423309; 7600118; 28515357; 24603306; 12213890; 24950000; 10669643; 25231171; 32334376; 23937379; 29988450; 26495026; 28012395; 30195495; 30896554; 9351364; 15523646; 20049331; 15358785; 22962999; 22544571; 25797218; 27442011; 20857860; 30584280; 34347016; 28469073; 17184503; 30508567; 33429337; 26686234; 26548330; 30182437; 9502769; 24518357; 15617508; 23654093; 27050279; 32438039; 20041784; 9249773; 22761797; 29301853; 34461308; 32109664; 27888903; 23431047; 26085104; 28145001; 21645898; 22683120; 23623643; 23599654; 22936343; 23422832; 22761969; 8941642; 26523989; 29931853; 24505463; 19916081; 23883163; 30600305; 31100394; 10333389; 28100270; 19888660; 33606190; 21343340; 11164418; 19632679; 22593575; 25548917; 17344580; 18672372; 17331334; 27175606; 28751953; 19322023; 31332430; 31358055; 21657943; 21559365; 10493153; 31647302; 27438015; 31511396; 33747976; 24851052; 29092018; 31753053; 31299237; 21273557; 28555288; 30744358; 21734060; 26246324; 32964731; 24940994; 9664080; 27401460; 24373748; 20176131; 26068142; 27707816; 17531953; 30332439; 30592221; 18039658; 30385871; 30704067; 27084371; 30876530; 20028367; 15450205; 26921684; 15118091; 28099631; 10395289; 19067122; 28169529; 22580899; 25468703; 27031271; 27763549; 29398429; 31167970; 32860619; 9405278; 27459037; 25889601; 26535009; 30576926; 24837748; 30768966; 31767163; 31815695; 16741291; 15677715; 27435541; 32161285; 11291309; 21153157; 25587205; 26721317; 17351764; 23166513; 15654122; 33515402; 29545368; 24443560; 9747026; 32644974; 24352472; 31913546; 29190549; 20887597; 19060325; 25272851; 27909053; 28063230; 17709443; 16185916; 29982529; 30741106; 30486328; 20197419; 32050453; 24412220; 27564380; 31004037; 29169169; 11397707; 32705598; 24489659; 24987033; 22332058; 20073037; 11387232; 32759540; 34558270; 26204136; 29204218; 27918728; 24930699; 20580938; 15904870; 22494195; 24256518; 25413784; 33977967; 11369802; 18799458; 10488949; 9360938; 19433409; 25675507; 12910492; 15888329; 22059152; 32685494; 25754609; 25811180; 18193043; 28013406; 24770487; 30765502; 34615375; 11983917; 32727844; 18187606; 24472543; 26546829; 18771980; 11181749; 26786161; 21377952; 32918994; 16920108; 26040332; 27769814; 17720268; 11445560; 29321129; 25070550; 26700830; 24993279; 25201834; 23862065; 27378433; 28292942; 25504870; 27350674; 28874442; 17766366; 9360301; 20459026; 27998977
46	HMDB0000067	Cholesterol	Cholesterol	SCARB1	Scavenger receptor class B member 1	Receptor	17379624; 24253048; 29772548; 29285103; 24928939; 23510561; 20926582; 32591337; 24334872; 29516118; 18542840; 26754576; 25245032; 18276752; 25504870; 20064494; 29092018; 31753053; 31017097
47	HMDB0003406	D-Serine	D-Serine	GRIN1	"Glutamate receptor ionotropic, NMDA 1"	Receptor	28262924
48	HMDB0002961	Dihydrotestosterone	Dihydrotestosterone	GLP1R	Glucagon-like peptide 1 receptor	Receptor	31669915
49	HMDB0002183	Docosahexaenoic acid	Docosahexaenoic acid	FFAR4	Free fatty acid receptor 4	Receptor	24005906
50	HMDB0000073	Dopamine	Dopamine	DRD1	D(1A) dopamine receptor	Receptor	33017522; 30967134; 12047334; 24909515
51	HMDB0000073	Dopamine	Dopamine	DRD2	D(2) dopamine receptor	Receptor	21070510; 10578238; 30967134; 17476365; 15084894; 20975260; 23717492; 17466074; 24772965; 23232665; 26015071; 29466326; 18192895; 19635551; 22876458; 19931559; 11979061; 18366720; 24834916; 23947671; 23266708; 15542698; 29992511; 9129716; 21592505; 10235293; 16403463; 19803686; 11256581; 12497624; 30651332; 24288745
52	HMDB0000073	Dopamine	Dopamine	DRD3	D(3) dopamine receptor	Receptor	18366720; 30967134; 12047334; 10578238; 23232665; 29525179; 7914177; 17616385; 17466074; 19931559; 23063408
53	HMDB0000073	Dopamine	Dopamine	DRD4	D(4) dopamine receptor	Receptor	18366720; 23717434; 30967134; 15627814; 12624717; 15292670; 16182111; 21615938; 22725835; 22356182; 22575564; 12707943; 27217152; 33868590; 14605948; 17466074; 16930369; 19931559
54	HMDB0000073	Dopamine	Dopamine	DRD5	D(1B) dopamine receptor	Receptor	10578238; 12047334
55	HMDB0000073	Dopamine	Dopamine	TRPV1	Transient receptor potential cation channel subfamily V member 1	Receptor	24465516
56	HMDB0001999	Eicosapentaenoic acid	Eicosapentaenoic acid	FFAR4	Free fatty acid receptor 4	Receptor	27489163
57	HMDB0000151	Estradiol	Estradiol	ESR1	Estrogen receptor	Receptor	28490809; 9925803
58	HMDB0000153	Estriol	Estriol	ESR1	Estrogen receptor	Receptor	27471150
59	HMDB0000145	Estrone	Estrone	ESR1	Estrogen receptor	Receptor	9228655
60	HMDB0000108	Ethanol	Ethanol	CHRNA5	Neuronal acetylcholine receptor subunit alpha-5	Transporter	29944862
61	HMDB0000121	Folic acid	Folic acid	FOLR1	Folate receptor alpha	Transporter	32581311; Recon2
62	HMDB0000121	Folic acid	Folic acid	FOLR2	Folate receptor beta	Transporter	32581311; Recon2
63	HMDB0000112	gamma-Aminobutyric acid	GABA	GABBR1	Gamma-aminobutyric acid type B receptor subunit 1	Receptor	17266109; 22253714; 26298628
64	HMDB0000112	gamma-Aminobutyric acid	GABA; gamma-Aminobutyric acid	GABRG2	Gamma-aminobutyric acid receptor subunit gamma-2	Receptor	22253714; 27367160; 30695556
65	HMDB0000148	L-Glutamic acid	Glutamate	GRIA1	Glutamate receptor 1	Receptor	7957959; 20579352
66	HMDB0000148	L-Glutamic acid	Glutamate	GRIA2	Glutamate receptor 2	Receptor	30695556; 19166514; 26047211; 25411160
67	HMDB0000148	L-Glutamic acid	Glutamate	GRIA3	Glutamate receptor 3	Receptor	30029590; 32839935
68	HMDB0000148	L-Glutamic acid	Glutamate	GRIA4	Glutamate receptor 4	Receptor	30029590; 28646511
69	HMDB0000148	L-Glutamic acid	Glutamate	GRID1	"Glutamate receptor ionotropic, delta-1"	Receptor	32109663
70	HMDB0000148	L-Glutamic acid	Glutamate	GRID2	"Glutamate receptor ionotropic, delta-2"	Receptor	11568633
71	HMDB0000148	L-Glutamic acid	Glutamate	GRIK2	"Glutamate receptor ionotropic, kainate 2"	Receptor	30695556
72	HMDB0000148	L-Glutamic acid	Glutamate	GRIK4	"Glutamate receptor ionotropic, kainate 4"	Receptor	30029590
73	HMDB0000148	L-Glutamic acid	Glutamate	GRIN3A	"Glutamate receptor ionotropic, NMDA 3A"	Receptor	30029590
74	HMDB0000148	L-Glutamic acid	Glutamate	GRM1	Metabotropic glutamate receptor 1	Receptor	7957959; 22892214; 33145952
75	HMDB0000148	L-Glutamic acid	Glutamate	GRM2	Metabotropic glutamate receptor 2	Receptor	30695556; 25411160; 29113156
76	HMDB0000148	L-Glutamic acid	Glutamate	GRM3	Metabotropic glutamate receptor 3	Receptor	32839935
77	HMDB0000148	L-Glutamic acid	Glutamate	GRM4	Metabotropic glutamate receptor 4	Receptor	28646511
78	HMDB0000148	L-Glutamic acid	Glutamate	GRM5	Metabotropic glutamate receptor 5	Receptor	33053940; 30695556
79	HMDB0000148	L-Glutamic acid	Glutamate	GRM7	Metabotropic glutamate receptor 7	Receptor	22138407
80	HMDB0000148	L-Glutamic acid	Glutamate	GRM8	Metabotropic glutamate receptor 8	Receptor	26537360; 24392270
81	HMDB0000148	L-Glutamic acid	Glutamate	TRPV1	Transient receptor potential cation channel subfamily V member 1	Receptor	23108547; 27157265; 20219639; 21957263; 22394688; 23562495
82	HMDB0000123	Glycine	Glycine	GRIN1	"Glutamate receptor ionotropic, NMDA 1"	Receptor	28262924
83	HMDB0003178	Heme	Heme	TLR4	Toll-like receptor 4	Receptor	33374506; 27821769
84	HMDB0003178	Heme	Heme	TRPV6	Transient receptor potential cation channel subfamily V member 6	Transporter	27142151
85	HMDB0000870	Histamine	Histamine	HRH1	Histamine H1 receptor	Receptor	9512916
86	HMDB0000870	Histamine	Histamine	HRH2	Histamine H2 receptor	Receptor	9792230
87	HMDB0000870	Histamine	Histamine	HRH3	Histamine H3 receptor	Receptor	8960873
88	HMDB0000870	Histamine	Histamine	HRH4	Histamine H4 receptor	Receptor	30414378
89	HMDB0003125	Hydrogen peroxide	Hydrogen peroxide	TRPM2	Transient receptor potential cation channel subfamily M member 2	Receptor	22493272
90	HMDB0015531	Iron	Iron	TFR2	Transferrin receptor protein 2	Receptor	27013087; 24847265; 20826723; 18565178; 19729324; 11535534; 24055409; 27169626; 11005792; 20593115; 32621410; 17098454; 11673399; 31707638; 27477597; 11358390; 16932966; 27667161; 32054685; 24644245; 20880062; 26608187; 34199599; 20542038; 25635054; 17241880; 17417667; 17181986; 18094142; 24055163; 26029709; 20133002; 19759876; 21150441; 16158226; 17207112; 15521925; 24284962; 15124225; 15317665; 15893030; 21422745; 22460705; 30186425; 16935854; 11027676; 17042772; 12547237; 24556216; 21864651; 34156073; 33323945; 29434729; 17428703; 23582421; 28978826; 30360575; 30034931; 15701302; 12406888
91	HMDB0015531	Iron	Iron	TFRC	Transferrin receptor protein 1	Receptor	21326867; 27773819; 22237814; 31401526; 23115478; 24890018; 33393230; 18603562; 25550467; 33693820; 23416069; 30076742; 32672503; 34389031; 34386079
92	HMDB0000517	L-Arginine	L-Arginine	GPRC6A	G-protein coupled receptor family C group 6 member A	Receptor	22714012
93	HMDB0000159	L-Phenylalanine	Phenylalanine; L-Phenylalanine	GPR142	Probable G-protein coupled receptor 142	Receptor	27322810
94	HMDB0000929	L-Tryptophan	L-Tryptophan	GPR142	Probable G-protein coupled receptor 142	Receptor	27322810
95	HMDB0001311	D-Lactic acid	Lactate	HCAR1	Hydroxycarboxylic acid receptor 1	Receptor	25881750; 34093243; 30728759; 25425080; 33659884; 26677077
96	HMDB0001251	Lanosterol	Lanosterol	HRH2	Histamine H2 receptor	Receptor	29142437
97	HMDB0000673	Linoleic acid	Linoleic acid	TRPV4	Transient receptor potential cation channel subfamily V member 4	Receptor	25061872
98	HMDB0000761	Lithocholic acid	Lithocholic acid	GPBAR1	G-protein coupled bile acid receptor 1	Receptor	26567894; 29290621; 27765751
99	HMDB0001389	Melatonin	Melatonin	MTNR1A	Melatonin receptor type 1A	Receptor	26067916
100	HMDB0001389	Melatonin	Melatonin	MTNR1B	Melatonin receptor type 1B	Receptor	28708046; 19651812; 25132852; 25160745; 33220095; 31901302; 29590381; 26440713
101	HMDB0001403	Prostaglandin D2	Prostaglandin D2	PTGDR	Prostaglandin D2 receptor	Receptor	34389612
102	HMDB0001403	Prostaglandin D2	Prostaglandin D2	PTGDR2	Prostaglandin D2 receptor 2	Receptor	29604141
103	HMDB0001220	Prostaglandin E2	Prostaglandin E2	PTGER1	Prostaglandin E2 receptor EP1 subtype	Receptor	17761898
104	HMDB0001220	Prostaglandin E2	Prostaglandin E2	PTGER2	Prostaglandin E2 receptor EP2 subtype	Receptor	17761898
105	HMDB0001220	Prostaglandin E2	Prostaglandin E2	PTGER4	Prostaglandin E2 receptor EP4 subtype	Receptor	33129574
106	HMDB0001358	Retinal	Retinal	STRA6	Receptor for retinol uptake STRA6	Transporter	27830500
107	HMDB0000244	Riboflavin	Riboflavin	SLC52A1	"Solute carrier family 52, riboflavin transporter, member 1"	Transporter	30446350; 29122468
108	HMDB0000244	Riboflavin	Riboflavin	SLC52A2	"Solute carrier family 52, riboflavin transporter, member 2"	Transporter	31500345; 22864630
109	HMDB0000259	Serotonin	Serotonin	HTR1A	5-hydroxytryptamine receptor 1A	Receptor	16251523
110	HMDB0000259	Serotonin	Serotonin	HTR1B	5-hydroxytryptamine receptor 1B	Receptor	28555718; 29860743; 23964727; 24074042
111	HMDB0000259	Serotonin	Serotonin	HTR1D	5-hydroxytryptamine receptor 1D	Receptor	20581837
112	HMDB0000259	Serotonin	Serotonin	HTR2A	5-hydroxytryptamine receptor 2A	Receptor	20521326; 32857933; 16251523; 27959337; 27024926; 32615731
113	HMDB0000259	Serotonin	Serotonin	HTR2B	5-hydroxytryptamine receptor 2B	Receptor	20581837; 34618686
114	HMDB0000259	Serotonin	Serotonin	HTR2C	5-hydroxytryptamine receptor 2C	Receptor	27681143
115	HMDB0000259	Serotonin	Serotonin	HTR3A	5-hydroxytryptamine receptor 3A	Receptor	31342534; 30695556
116	HMDB0000259	Serotonin	Serotonin	HTR3B	5-hydroxytryptamine receptor 3B	Receptor	23183509
117	HMDB0000259	Serotonin	Serotonin	HTR4	5-hydroxytryptamine receptor 4	Receptor	30695556
118	HMDB0000259	Serotonin	Serotonin	HTR6	5-hydroxytryptamine receptor 6	Receptor	18256283
119	HMDB0000259	Serotonin	Serotonin	TRPC6	Short transient receptor potential channel 6	Receptor	24259679
120	HMDB0000277	Sphingosine 1-phosphate	Sphingosine 1-phosphate	S1PR1	Sphingosine 1-phosphate receptor 1	Receptor	24977489; 25197261
121	HMDB0000277	Sphingosine 1-phosphate	Sphingosine 1-phosphate	S1PR2	Sphingosine 1-phosphate receptor 2	Receptor	26518876; 25363242; 26669941
122	HMDB0000277	Sphingosine 1-phosphate	Sphingosine 1-phosphate	S1PR3	Sphingosine 1-phosphate receptor 3	Receptor	28943478
123	HMDB0000277	Sphingosine 1-phosphate	Sphingosine 1-phosphate	S1PR5	Sphingosine 1-phosphate receptor 5	Receptor	24977489
124	HMDB0000254	Succinic acid	Succinate	SUCNR1	Succinate receptor 1	Receptor	25352636; 34270263; 33916314; 26808164; 33279412; 34301438; 29894669; 34233171
125	HMDB0000234	Testosterone	Testosterone	GPRC6A	G-protein coupled receptor family C group 6 member A	Receptor	26785252; 29468843; 24032653; 24998176; 22374969; 24193547; 25093461; 27673554; 33474566; 28180060; 26440882; 31558901
126	HMDB0001452	Thromboxane A2	Thromboxane A2	TBXA2R	Thromboxane A2 receptor	Receptor	9774254
127	HMDB0000158	L-Tyrosine	Tyrosine	GPR35	G-protein coupled receptor 35	Receptor	22523636
128	HMDB0000305	Vitamin A	Vitamin A	STRA6	Receptor for retinol uptake STRA6	Transporter	21782034; 19112531; 25481334; 22665496; 27830501; 32597569; 21704730; 23591992; 26729422; 31956331; 26373900; Recon2
129	HMDB0000292	Xanthine	Xanthine	ADORA1	Adenosine receptor A1	Receptor	31675497
130	HMDB0000112	gamma-Aminobutyric acid	gamma-Aminobutyric acid	GABBR2	Gamma-aminobutyric acid type B receptor subunit 2	Receptor	30610899
131	HMDB0000112	gamma-Aminobutyric acid	gamma-Aminobutyric acid	GABRA1	Gamma-aminobutyric acid receptor subunit alpha-1	Receptor	30891080
132	HMDB0000112	gamma-Aminobutyric acid	gamma-Aminobutyric acid	GABRA4	Gamma-aminobutyric acid receptor subunit alpha-4	Receptor	33594062
133	HMDB0000112	gamma-Aminobutyric acid	gamma-Aminobutyric acid	GABRB2	Gamma-aminobutyric acid receptor subunit beta-2	Receptor	33594062
134	HMDB0000067	Cholesterol	Cholesterol	ABCB1	ATP-dependent translocase ABCB1	Transporter	HMDB
135	HMDB0000125	Glutathione	Glutathione	ABCC1	Multidrug resistance-associated protein 1	Transporter	HMDB
136	HMDB0000125	Glutathione	Glutathione	ABCC2	ATP-binding cassette sub-family C member 2	Transporter	HMDB
137	HMDB0000125	Glutathione	Glutathione	ABCC3	ATP-binding cassette sub-family C member 3	Transporter	HMDB
138	HMDB0000125	Glutathione	Glutathione	ABCC4	ATP-binding cassette sub-family C member 4	Transporter	HMDB
139	HMDB0000125	Glutathione	Glutathione	ABCC5	Multidrug resistance-associated protein 5	Transporter	HMDB
140	HMDB0000067	Cholesterol	Cholesterol	ABCG2	Broad substrate specificity ATP-binding cassette transporter ABCG2	Transporter	HMDB
141	HMDB0000123	Glycine	Glycine	SLC16A10	Monocarboxylate transporter 10	Transporter	HMDB
142	HMDB0000097	Choline	Choline	SLC22A1	Solute carrier family 22 member 1	Transporter	HMDB
143	HMDB0001256	Spermine	Spermine	SLC22A1	Solute carrier family 22 member 1	Transporter	HMDB; Recon2
144	HMDB0001414	Putrescine	Putrescine	SLC22A4	Solute carrier family 22 member 4	Transporter	HMDB
145	HMDB0001256	Spermine	Spermine	SLC22A4	Solute carrier family 22 member 4	Transporter	HMDB
146	HMDB0000064	Creatine	Creatine	SLC16A12	Monocarboxylate transporter 12	Transporter	23578822
147	HMDB0000064	Creatine	Creatine	SLC22A5	Solute carrier family 22 member 5	Transporter	HMDB
148	HMDB0000123	Glycine	Glycine	SLC36A1	Proton-coupled amino acid transporter 1	Transporter	HMDB
149	HMDB0000097	Choline	Choline	SLC44A1	Choline transporter-like protein 1	Transporter	HMDB
150	HMDB0000097	Choline	Choline	SLC44A2	Choline transporter-like protein 2	Transporter	HMDB
151	HMDB0000097	Choline	Choline	SLC44A3	Choline transporter-like protein 3	Transporter	HMDB
152	HMDB0000097	Choline	Choline	SLC44A4	Choline transporter-like protein 4	Transporter	HMDB
153	HMDB0000097	Choline	Choline	SLC5A7	High affinity choline transporter 1	Transporter	HMDB
154	HMDB0000243	Pyruvic acid	Pyruvate	SLC16A11	Monocarboxylate transporter 11	Transporter	https://www.genecards.org/cgi-bin/carddisp.pl?gene=SLC16A11
155	HMDB0000243	Pyruvic acid	Pyruvate	SLC16A1	Monocarboxylate transporter 1	Transporter	31882442
156	HMDB0000254	Succinic acid	Succinate	SLC13A5	Solute carrier family 13 member 5	Transporter	31882442
157	HMDB0000094	Citric acid	Citrate	SLC13A5	Solute carrier family 13 member 5	Transporter	33597751
158	HMDB0000134	Fumaric acid	Fumarate	SLC13A5	Solute carrier family 13 member 5	Transporter	31882442
159	HMDB0000156	Malic acid	Malate	SLC13A5	Solute carrier family 13 member 5	Transporter	31882442
160	HMDB0000156	Malic acid	Malate	SLC1A3	Excitatory amino acid transporter 1	Transporter	https://en.wikipedia.org/wiki/Excitatory_amino_acid_transporter_1
161	HMDB0000187	L-Serine	Serine	SLC7A10	Asc-type amino acid transporter 1	Transporter	33269112
162	HMDB0000187	L-Serine	Serine	SLC3A2	4F2 cell-surface antigen heavy chain	Transporter	33269112
163	HMDB0000187	L-Serine	Serine	SLC1A4	Neutral amino acid transporter A	Transporter	33269112
164	HMDB0000187	L-Serine	Serine	SLC1A5	Neutral amino acid transporter B(0)	Transporter	33269112
165	HMDB0000574	L-Cysteine	Cysteine	SLC7A11	Cystine/glutamate transporter	Transporter	33000412
166	HMDB0000696	L-Methionine	Methionine	SLC7A5	Large neutral amino acids transporter small subunit 1	Transporter	32377929
167	HMDB0000168	L-Asparagine	Asparagine	SLC1A5	Neutral amino acid transporter B(0)	Transporter	33420487
168	HMDB0000641	L-Glutamine	Glutamine	SLC6A14	Sodium- and chloride-dependent neutral and basic amino acid transporter B(0+)	Transporter	26724577
169	HMDB0000641	L-Glutamine	Glutamine	SLC6A19	Sodium-dependent neutral amino acid transporter B(0)AT1	Transporter	26724577
170	HMDB0000641	L-Glutamine	Glutamine	SLC7A6	Y+L amino acid transporter 2	Transporter	26724577
171	HMDB0000641	L-Glutamine	Glutamine	SLC7A7	Y+L amino acid transporter 1	Transporter	26724577
172	HMDB0000641	L-Glutamine	Glutamine	SLC38A1	Sodium-coupled neutral amino acid transporter 1	Transporter	26724577
173	HMDB0000641	L-Glutamine	Glutamine	SLC38A3	Sodium-coupled neutral amino acid transporter 3	Transporter	26724577
174	HMDB0000641	L-Glutamine	Glutamine	SLC38A5	Sodium-coupled neutral amino acid transporter 5	Transporter	26724577
175	HMDB0000641	L-Glutamine	Glutamine	SLC38A7	Putative sodium-coupled neutral amino acid transporter 7	Transporter	26724577
176	HMDB0000641	L-Glutamine	Glutamine	SLC38A8	Putative sodium-coupled neutral amino acid transporter 8	Transporter	26724577
177	HMDB0000112	gamma-Aminobutyric acid	GABA	SLC6A1	Sodium- and chloride-dependent GABA transporter 1	Transporter	https://en.wikipedia.org/wiki/GABA_transporter
178	HMDB0000112	gamma-Aminobutyric acid	GABA	SLC6A13	Sodium- and chloride-dependent GABA transporter 2	Transporter	https://en.wikipedia.org/wiki/GABA_transporter
179	HMDB0000112	gamma-Aminobutyric acid	GABA	SLC6A11	Sodium- and chloride-dependent GABA transporter 3	Transporter	https://en.wikipedia.org/wiki/GABA_transporter
180	HMDB0000112	gamma-Aminobutyric acid	GABA	SLC6A12	Sodium- and chloride-dependent betaine transporter	Transporter	https://en.wikipedia.org/wiki/GABA_transporter
181	HMDB0000112	gamma-Aminobutyric acid	GABA	SLC6A8	Sodium- and chloride-dependent creatine transporter 1	Transporter	https://en.wikipedia.org/wiki/GABA_transporter
182	HMDB0000112	gamma-Aminobutyric acid	GABA	SLC6A6	Sodium- and chloride-dependent taurine transporter	Transporter	https://en.wikipedia.org/wiki/GABA_transporter
183	HMDB0000158	L-Tyrosine	Tyrosine	SLC7A5	Large neutral amino acids transporter small subunit 1	Transporter	32377929
184	HMDB0000191	L-Aspartic acid	Aspartate	SLC1A2	Excitatory amino acid transporter 2	Transporter	31269432
185	HMDB0000177	L-Histidine	Histidine	SLC7A5	Large neutral amino acids transporter small subunit 1	Transporter	32377929
186	HMDB0000159	L-Phenylalanine	Phenylalanine	SLC7A5	Large neutral amino acids transporter small subunit 1	Transporter	32377929
187	HMDB0000883	L-Valine	Valine	SLC43A1	Large neutral amino acids transporter small subunit 3	Transporter	31997805; Recon2
188	HMDB0000172	L-Isoleucine	Isoleucine	SLC43A1	Large neutral amino acids transporter small subunit 3	Transporter	31997805; Recon2
189	HMDB0000687	L-Leucine	Leucine	SLC43A1	Large neutral amino acids transporter small subunit 3	Transporter	31997805; Recon2
190	HMDB0000034	Adenine	Adenine	SLC28A3	Solute carrier family 28 member 3	Transporter	33972798
191	HMDB0000034	Adenine	Adenine	SLC29A3	Equilibrative nucleoside transporter 3	Transporter	33972798
192	HMDB0000034	Adenine	Adenine	SLC35F5	Solute carrier family 35 member F5	Transporter	33972798
193	HMDB0000062	L-Carnitine	L-Carnitine	SLC22A5	Solute carrier family 22 member 5	Transporter	Recon2
194	HMDB0000641	L-Glutamine	L-glutamine	SLC43A1	Large neutral amino acids transporter small subunit 3	Transporter	Recon2
195	HMDB0000187	L-Serine	L-serine	SLC43A1	Large neutral amino acids transporter small subunit 3	Transporter	Recon2
196	HMDB0000159	L-Phenylalanine	L-phenylalanine	SLC43A2	Large neutral amino acids transporter small subunit 4	Transporter	Recon2
197	HMDB0000159	L-Phenylalanine	L-phenylalanine	SLC43A1	Large neutral amino acids transporter small subunit 3	Transporter	Recon2
198	HMDB0000159	L-Phenylalanine	L-phenylalanine	SLC16A10	Monocarboxylate transporter 10	Transporter	Recon2
199	HMDB0000687	L-Leucine	L-leucine	SLC43A2	Large neutral amino acids transporter small subunit 4	Transporter	Recon2
200	HMDB0000574	L-Cysteine	L-cysteine	SLC43A2	Large neutral amino acids transporter small subunit 4	Transporter	Recon2
201	HMDB0000696	L-Methionine	L-methionine	SLC43A1	Large neutral amino acids transporter small subunit 3	Transporter	Recon2
202	HMDB0000696	L-Methionine	L-methionine	SLC43A2	Large neutral amino acids transporter small subunit 4	Transporter	Recon2
203	HMDB0000158	L-Tyrosine	L-tyrosine	SLC16A10	Monocarboxylate transporter 10	Transporter	Recon2
204	HMDB0000168	L-Asparagine	L-asparagine	SLC43A1	Large neutral amino acids transporter small subunit 3	Transporter	Recon2
205	HMDB0000167	L-Threonine	L-threonine	SLC43A1	Large neutral amino acids transporter small subunit 3	Transporter	Recon2
206	HMDB0000883	L-Valine	L-valine	SLC43A2	Large neutral amino acids transporter small subunit 4	Transporter	Recon2
207	HMDB0000929	L-Tryptophan	L-tryptophan	SLC36A4	Proton-coupled amino acid transporter 4	Transporter	Recon2
208	HMDB0000929	L-Tryptophan	L-tryptophan	SLC16A10	Monocarboxylate transporter 10	Transporter	Recon2
209	HMDB0000172	L-Isoleucine	L-isoleucine	SLC43A2	Large neutral amino acids transporter small subunit 4	Transporter	Recon2
210	HMDB0000517	L-Arginine	L-argininium(1+)	SLC38A4	Sodium-coupled neutral amino acid transporter 4	Transporter	Recon2
211	HMDB0000517	L-Arginine	L-argininium(1+)	SLC7A2	Cationic amino acid transporter 2	Transporter	Recon2
212	HMDB0000517	L-Arginine	L-argininium(1+)	SLC7A3	Cationic amino acid transporter 3	Transporter	Recon2
213	HMDB0000177	L-Histidine	L-histidine	SLC38A4	Sodium-coupled neutral amino acid transporter 4	Transporter	Recon2
214	HMDB0000182	L-Lysine	L-lysinium(1+)	SLC38A4	Sodium-coupled neutral amino acid transporter 4	Transporter	Recon2
215	HMDB0000182	L-Lysine	L-lysinium(1+)	SLC7A2	Cationic amino acid transporter 2	Transporter	Recon2
216	HMDB0000182	L-Lysine	L-lysinium(1+)	SLC7A1	High affinity cationic amino acid transporter 1	Transporter	Recon2
217	HMDB0000182	L-Lysine	L-lysinium(1+)	SLC7A3	Cationic amino acid transporter 3	Transporter	Recon2
218	HMDB0000214	Ornithine	Ornithine	SLC7A2	Cationic amino acid transporter 2	Transporter	Recon2
219	HMDB0000214	Ornithine	Ornithine	SLC7A1	High affinity cationic amino acid transporter 1	Transporter	Recon2
220	HMDB0000214	Ornithine	Ornithine	SLC7A3	Cationic amino acid transporter 3	Transporter	Recon2
221	HMDB0000143	D-Galactose	D-Galactose	SLC2A2	"Solute carrier family 2, facilitated glucose transporter member 2"	Transporter	Recon2
222	HMDB0000143	D-Galactose	D-Galactose	SLC2A3	"Solute carrier family 2, facilitated glucose transporter member 3"	Transporter	Recon2
223	HMDB0000143	D-Galactose	D-Galactose	SLC2A8	"Solute carrier family 2, facilitated glucose transporter member 8"	Transporter	Recon2
224	HMDB0000143	D-Galactose	D-Galactose	SLC2A10	"Solute carrier family 2, facilitated glucose transporter member 10"	Transporter	Recon2
225	HMDB0000143	D-Galactose	D-Galactose	SLC2A1	"Solute carrier family 2, facilitated glucose transporter member 1"	Transporter	Recon2
226	HMDB0001043	Arachidonic acid	arachidonate	SLC27A5	Bile acyl-CoA synthetase	Transporter	Recon2
227	HMDB0000122	D-Glucose	D-glucose	SLC2A9	"Solute carrier family 2, facilitated glucose transporter member 9"	Transporter	Recon2
228	HMDB0000122	D-Glucose	D-glucose	SLC2A2	"Solute carrier family 2, facilitated glucose transporter member 2"	Transporter	Recon2
229	HMDB0000122	D-Glucose	D-glucose	SLC2A6	"Solute carrier family 2, facilitated glucose transporter member 6"	Transporter	Recon2
230	HMDB0000122	D-Glucose	D-glucose	SLC2A3	"Solute carrier family 2, facilitated glucose transporter member 3"	Transporter	Recon2
231	HMDB0000122	D-Glucose	D-glucose	SLC2A4	"Solute carrier family 2, facilitated glucose transporter member 4"	Transporter	Recon2
232	HMDB0000122	D-Glucose	D-glucose	SLC2A8	"Solute carrier family 2, facilitated glucose transporter member 8"	Transporter	Recon2
233	HMDB0000122	D-Glucose	D-glucose	SLC2A7	"Solute carrier family 2, facilitated glucose transporter member 7"	Transporter	Recon2
234	HMDB0000122	D-Glucose	D-glucose	SLC2A12	"Solute carrier family 2, facilitated glucose transporter member 12"	Transporter	Recon2
235	HMDB0000122	D-Glucose	D-glucose	SLC2A10	"Solute carrier family 2, facilitated glucose transporter member 10"	Transporter	Recon2
236	HMDB0000122	D-Glucose	D-glucose	SLC2A1	"Solute carrier family 2, facilitated glucose transporter member 1"	Transporter	Recon2
237	HMDB0001264	Dehydroascorbic acid	dehydroascorbide(1-)	SLC2A4	"Solute carrier family 2, facilitated glucose transporter member 4"	Transporter	Recon2
238	HMDB0001264	Dehydroascorbic acid	dehydroascorbide(1-)	SLC2A3	"Solute carrier family 2, facilitated glucose transporter member 3"	Transporter	Recon2
239	HMDB0001264	Dehydroascorbic acid	dehydroascorbide(1-)	SLC2A1	"Solute carrier family 2, facilitated glucose transporter member 1"	Transporter	Recon2
240	HMDB0000073	Dopamine	dopaminium(1+)	SLC22A3	Solute carrier family 22 member 3	Transporter	Recon2
241	HMDB0000073	Dopamine	dopaminium(1+)	SLC22A2	Solute carrier family 22 member 2	Transporter	Recon2
242	HMDB0000073	Dopamine	dopaminium(1+)	SLC22A5	Solute carrier family 22 member 5	Transporter	Recon2
243	HMDB0000169	D-Mannose	D-Mannose	SLC2A2	"Solute carrier family 2, facilitated glucose transporter member 2"	Transporter	Recon2
244	HMDB0000169	D-Mannose	D-Mannose	SLC2A3	"Solute carrier family 2, facilitated glucose transporter member 3"	Transporter	Recon2
245	HMDB0000169	D-Mannose	D-Mannose	SLC2A1	"Solute carrier family 2, facilitated glucose transporter member 1"	Transporter	Recon2
246	HMDB0000050	Adenosine	Adenosine	SLC29A2	Equilibrative nucleoside transporter 2	Transporter	Recon2
247	HMDB0000050	Adenosine	Adenosine	SLC29A1	Equilibrative nucleoside transporter 1	Transporter	Recon2
248	HMDB0000216	Norepinephrine	Norepinephrine	SLC22A1	Solute carrier family 22 member 1	Transporter	Recon2
249	HMDB0000216	Norepinephrine	Norepinephrine	SLC22A2	Solute carrier family 22 member 2	Transporter	Recon2
250	HMDB0000216	Norepinephrine	Norepinephrine	SLC22A3	Solute carrier family 22 member 3	Transporter	Recon2
251	HMDB0000097	Choline	Choline	SLC22A2	Solute carrier family 22 member 2	Transporter	Recon2
252	HMDB0000097	Choline	Choline	SLC22A5	Solute carrier family 22 member 5	Transporter	Recon2
253	HMDB0000259	Serotonin	serotonin(1+)	SLC22A1	Solute carrier family 22 member 1	Transporter	Recon2
254	HMDB0000259	Serotonin	serotonin(1+)	SLC22A2	Solute carrier family 22 member 2	Transporter	Recon2
255	HMDB0000660	D-Fructose	D-Fructose	SLC2A2	"Solute carrier family 2, facilitated glucose transporter member 2"	Transporter	Recon2
256	HMDB0000660	D-Fructose	D-Fructose	SLC2A7	"Solute carrier family 2, facilitated glucose transporter member 7"	Transporter	Recon2
257	HMDB0000660	D-Fructose	D-Fructose	SLC2A8	"Solute carrier family 2, facilitated glucose transporter member 8"	Transporter	Recon2
258	HMDB0000660	D-Fructose	D-Fructose	SLC2A5	"Solute carrier family 2, facilitated glucose transporter member 5"	Transporter	Recon2
259	HMDB0001220	Prostaglandin E2	prostaglandin E2(1-)	SLC22A1	Solute carrier family 22 member 1	Transporter	Recon2
260	HMDB0001220	Prostaglandin E2	prostaglandin E2(1-)	SLC22A2	Solute carrier family 22 member 2	Transporter	Recon2
261	HMDB0000296	Uridine	Uridine	SLC29A2	Equilibrative nucleoside transporter 2	Transporter	Recon2
262	HMDB0000296	Uridine	Uridine	SLC29A1	Equilibrative nucleoside transporter 1	Transporter	Recon2
263	HMDB0000220	Palmitic acid	Hexadecanoate (n-C16:0)	SLC27A5	Bile acyl-CoA synthetase	Transporter	Recon2
264	HMDB0000305	Vitamin A	retinol	RBP1	Retinol-binding protein 1	Transporter	Recon2
265	HMDB0000305	Vitamin A	retinol	RBP4	Retinol-binding protein 4	Transporter	Recon2
266	HMDB0000305	Vitamin A	retinol	RBP2	Retinol-binding protein 2	Transporter	Recon2
267	HMDB0000195	Inosine	Inosine	SLC29A2	Equilibrative nucleoside transporter 2	Transporter	Recon2
268	HMDB0000195	Inosine	Inosine	SLC29A1	Equilibrative nucleoside transporter 1	Transporter	Recon2
269	HMDB0000089	Cytidine	Cytidine	SLC29A2	Equilibrative nucleoside transporter 2	Transporter	Recon2
270	HMDB0000089	Cytidine	Cytidine	SLC29A1	Equilibrative nucleoside transporter 1	Transporter	Recon2
271	HMDB0000207	Oleic acid	octadecenoate (n-C18:1)	SLC27A5	Bile acyl-CoA synthetase	Transporter	Recon2
272	HMDB0000870	Histamine	histamium	SLC22A3	Solute carrier family 22 member 3	Transporter	Recon2
273	HMDB0000870	Histamine	histamium	SLC22A2	Solute carrier family 22 member 2	Transporter	Recon2
274	HMDB0000870	Histamine	histamium	SLC22A5	Solute carrier family 22 member 5	Transporter	Recon2
275	HMDB0000265	Liothyronine	"3,3',5-triiodo-L-thyronine"	SLC16A2	Monocarboxylate transporter 8	Transporter	Recon2
276	HMDB0003550	Calcidiol	calcidiol	CUBN	Cubilin	Transporter	Recon2
277	HMDB0003550	Calcidiol	calcidiol	LRP2	Low-density lipoprotein receptor-related protein 2	Transporter	Recon2
278	HMDB0003550	Calcidiol	calcidiol	GC	Vitamin D-binding protein	Transporter	Recon2
279	HMDB0000181	L-Dopa	L-dopa	SLC16A10	Monocarboxylate transporter 10	Transporter	Recon2
280	HMDB0001396	5-Methyltetrahydrofolic acid	5-Methyltetrahydrofolate	FOLR1	Folate receptor alpha	Transporter	Recon2
281	HMDB0000895	Acetylcholine	acetylcholine	SLC22A1	Solute carrier family 22 member 1	Transporter	Recon2
282	HMDB0000012	Deoxyuridine	Deoxyuridine	SLC29A2	Equilibrative nucleoside transporter 2	Transporter	Recon2
283	HMDB0000133	Guanosine	Guanosine	SLC29A2	Equilibrative nucleoside transporter 2	Transporter	Recon2
284	HMDB0000133	Guanosine	Guanosine	SLC29A1	Equilibrative nucleoside transporter 1	Transporter	Recon2
285	HMDB0000157	Hypoxanthine	Hypoxanthine	SLC29A2	Equilibrative nucleoside transporter 2	Transporter	Recon2
286	HMDB0000248	Thyroxine	L-thyroxine	SLC16A2	Monocarboxylate transporter 8	Transporter	Recon2
287	HMDB0000273	Thymidine	Thymidine	SLC29A2	Equilibrative nucleoside transporter 2	Transporter	Recon2
288	HMDB0000273	Thymidine	Thymidine	SLC29A1	Equilibrative nucleoside transporter 1	Transporter	Recon2
289	HMDB0001139	Prostaglandin F2a	prostaglandin F2alpha(1-)	SLC22A1	Solute carrier family 22 member 1	Transporter	Recon2
290	HMDB0001139	Prostaglandin F2a	prostaglandin F2alpha(1-)	SLC22A2	Solute carrier family 22 member 2	Transporter	Recon2
291	HMDB0000673	Linoleic acid	linoleate	SLC27A5	Bile acyl-CoA synthetase	Transporter	Recon2
292	HMDB0000034	Adenine	Adenine	SLC29A2	Equilibrative nucleoside transporter 2	Transporter	Recon2
293	HMDB0000300	Uracil	uracil	SLC29A2	Equilibrative nucleoside transporter 2	Transporter	Recon2
294	HMDB0000101	Deoxyadenosine	2-deoxyadenosine	SLC29A2	Equilibrative nucleoside transporter 2	Transporter	Recon2
295	HMDB0000085	Deoxyguanosine	Deoxyguanosine	SLC29A2	Equilibrative nucleoside transporter 2	Transporter	Recon2
296	HMDB0000163	D-Maltose	Maltose	SLC2A3	"Solute carrier family 2, facilitated glucose transporter member 3"	Transporter	Recon2
297	HMDB0000876	Vitamin D3	calciol	GOT2	"Aspartate aminotransferase, mitochondrial"	Transporter	Recon2
298	HMDB0000876	Vitamin D3	calciol	CD36	Platelet glycoprotein 4	Transporter	Recon2
299	HMDB0000294	Urea	Urea	SLC5A1	Sodium/glucose cotransporter 1	Transporter	Recon2
300	HMDB0000294	Urea	Urea	SLC14A2	Urea transporter 2	Transporter	Recon2
301	HMDB0000294	Urea	Urea	SLC5A5	Sodium/iodide cotransporter	Transporter	Recon2
302	HMDB0000294	Urea	Urea	SLC14A1	Urea transporter 1	Transporter	Recon2
303	HMDB0000071	Deoxyinosine	Deoxyinosine	SLC29A2	Equilibrative nucleoside transporter 2	Transporter	Recon2
304	HMDB0000014	Deoxycytidine	Deoxycytidine	SLC29A2	Equilibrative nucleoside transporter 2	Transporter	Recon2
305	HMDB0002925	Dihomo-gamma-linolenic acid	dihomo-gamma-linolenic acid (n-6)	SLC27A5	Bile acyl-CoA synthetase	Transporter	Recon2
306	HMDB0000262	Thymine	Thymine	SLC29A2	Equilibrative nucleoside transporter 2	Transporter	Recon2
307	HMDB0000806	Myristic acid	tetradecanoate (n-C14:0)	SLC27A2	Very long-chain acyl-CoA synthetase	Transporter	Recon2
308	HMDB0000827	Stearic acid	octadecanoate (n-C18:0)	SLC27A5	Bile acyl-CoA synthetase	Transporter	Recon2
309	HMDB0003073	gamma-Linolenic acid	gamma-linolenate	SLC27A5	Bile acyl-CoA synthetase	Transporter	Recon2
310	HMDB0001388	alpha-Linolenic acid	alpha-linolenate	SLC27A5	Bile acyl-CoA synthetase	Transporter	Recon2
311	HMDB0000132	Guanine	Guanine	SLC29A2	Equilibrative nucleoside transporter 2	Transporter	Recon2
312	HMDB0001514	Glucosamine	D-Glucosamine	SLC2A2	"Solute carrier family 2, facilitated glucose transporter member 2"	Transporter	Recon2
313	HMDB0001514	Glucosamine	D-Glucosamine	SLC2A4	"Solute carrier family 2, facilitated glucose transporter member 4"	Transporter	Recon2
314	HMDB0001514	Glucosamine	D-Glucosamine	SLC2A1	"Solute carrier family 2, facilitated glucose transporter member 1"	Transporter	Recon2
315	HMDB0003178	Heme	Protoheme	SLC46A1	Proton-coupled folate transporter	Transporter	Recon2
316	HMDB0003178	Heme	Protoheme	LRP1	Prolow-density lipoprotein receptor-related protein 1	Transporter	Recon2
317	HMDB0001178	Adenosine diphosphate ribose	ADPribose	CD38	ADP-ribosyl cyclase/cyclic ADP-ribose hydrolase 1	Transporter	Recon2
318	HMDB0000190	L-Lactic acid	L-Lactic acid	HCAR1	Solute carrier family 15 member 1	Receptor	"30728759, 31259764"
319	HMDB0015531	Iron	Iron	TFR1	Solute carrier family 15 member 1	Receptor	24847265
320	HMDB0000538	Adenosine triphosphate	ATP	P2RX1	Solute carrier family 15 member 1	Receptor	24335194
321	HMDB0000538	Adenosine triphosphate	ATP	P2RX2	Solute carrier family 15 member 1	Receptor	24335194
322	HMDB0000538	Adenosine triphosphate	ATP	P2RX3	Solute carrier family 15 member 1	Receptor	24335194
323	HMDB0000538	Adenosine triphosphate	ATP	P2RX4	Solute carrier family 15 member 1	Receptor	24335194
324	HMDB0000538	Adenosine triphosphate	ATP	P2RX5	Solute carrier family 15 member 1	Receptor	24335194
325	HMDB0000538	Adenosine triphosphate	ATP	P2RX6	Solute carrier family 15 member 1	Receptor	24335194
326	HMDB0000538	Adenosine triphosphate	ATP	P2RX7	Solute carrier family 15 member 1	Receptor	24335194
327	HMDB0001341	ADP	ADP	P2RY1	Solute carrier family 15 member 1	Receptor	24335194
328	HMDB0000538	Adenosine triphosphate	ATP	P2RY1	Solute carrier family 15 member 1	Receptor	24335194
329	HMDB0000538	Adenosine triphosphate	ATP	P2RY2	Solute carrier family 15 member 1	Receptor	24335194
330	HMDB0000285	Uridine triphosphate	UTP	P2RY2	Solute carrier family 15 member 1	Receptor	24335194
331	HMDB0000285	Uridine triphosphate	UTP	P2RY4	Solute carrier family 15 member 1	Receptor	24335194
332	HMDB0000538	Adenosine triphosphate	Adenosine triphosphate	P2RY4	Solute carrier family 15 member 1	Receptor	24335194
333	HMDB0000285	Uridine triphosphate	UTP	P2RY6	Solute carrier family 15 member 1	Receptor	24335194
334	HMDB0000538	Adenosine triphosphate	Adenosine triphosphate	P2RY6	Solute carrier family 15 member 1	Receptor	24335194
335	HMDB0000538	Adenosine triphosphate	Adenosine triphosphate	P2RY11	Solute carrier family 15 member 1	Receptor	24335194
336	HMDB0000285	Uridine triphosphate	UTP	P2RY11	Solute carrier family 15 member 1	Receptor	24335194
337	HMDB0001341	ADP	ADP	P2RY12	Solute carrier family 15 member 1	Receptor	24335194
338	HMDB0000538	Adenosine triphosphate	Adenosine triphosphate	P2RY12	Solute carrier family 15 member 1	Receptor	24335194
339	HMDB0001341	ADP	ADP	P2RY13	Solute carrier family 15 member 1	Receptor	24335194
340	HMDB0000538	Adenosine triphosphate	Adenosine triphosphate	P2RY13	Solute carrier family 15 member 1	Receptor	24335194
341	HMDB0000286	Uridine diphosphate glucose	Uridine diphosphate glucose	P2RY14	Solute carrier family 15 member 1	Receptor	24335194
342	HMDB0000067	Cholesterol	Cholesterol	NPC1L1	Solute carrier family 15 member 1	Receptor	21763723
343	HMDB0002961	Dihydrotestosterone	Dihydrotestosterone	AR	Solute carrier family 15 member 1	Nuclear Receptor	https://en.wikipedia.org/wiki/Androgen_receptor
344	HMDB0000234	Testosterone	Testosterone	AR	Solute carrier family 15 member 1	Nuclear Receptor	https://en.wikipedia.org/wiki/Androgen_receptor
345	HMDB0000131	Glycerol	Glycerol	AQP3	Solute carrier family 15 member 1	Receptor	32213983
346	HMDB0000043	Betaine	Betaine	SLC6A12	Solute carrier family 15 member 1	Transporter	32213983
347	HMDB0000895	Acetylcholine	Acetylcholine	CHRM4	Solute carrier family 15 member 1	Receptor	https://gpcrdb.org/ligand/statistics
348	HMDB0000895	Acetylcholine	Acetylcholine	CHRM5	Solute carrier family 15 member 1	Receptor	https://gpcrdb.org/ligand/statistics
349	HMDB0000208	Oxoglutaric acid	Oxoglutaric acid	OXGR1	Solute carrier family 15 member 1	Receptor	https://gpcrdb.org/ligand/statistics
350	HMDB0000248	Thyroxine	Thyroxine	THRA	Solute carrier family 15 member 1	Nuclear Receptor	https://en.wikipedia.org/wiki/Nuclear_receptor#Ligands
351	HMDB0000248	Thyroxine	Thyroxine	THRB	Solute carrier family 15 member 1	Nuclear Receptor	https://en.wikipedia.org/wiki/Nuclear_receptor#Ligands
352	HMDB0000305	Vitamin A	Vitamin A	RARA	Solute carrier family 15 member 1	Nuclear Receptor	https://en.wikipedia.org/wiki/Nuclear_receptor#Ligands
353	HMDB0001358	Retinal	Retinal	RARA	Solute carrier family 15 member 1	Nuclear Receptor	https://en.wikipedia.org/wiki/Nuclear_receptor#Ligands
354	HMDB0000561	beta-Carotene	beta-Carotene	RARA	Solute carrier family 15 member 1	Nuclear Receptor	https://en.wikipedia.org/wiki/Nuclear_receptor#Ligands
355	HMDB0000305	Vitamin A	Vitamin A	RARB	Solute carrier family 15 member 1	Nuclear Receptor	https://en.wikipedia.org/wiki/Nuclear_receptor#Ligands
356	HMDB0001358	Retinal	Retinal	RARB	Solute carrier family 15 member 1	Nuclear Receptor	https://en.wikipedia.org/wiki/Nuclear_receptor#Ligands
357	HMDB0000561	beta-Carotene	beta-Carotene	RARB	Solute carrier family 15 member 1	Nuclear Receptor	https://en.wikipedia.org/wiki/Nuclear_receptor#Ligands
358	HMDB0000305	Vitamin A	Vitamin A	RARG	Solute carrier family 15 member 1	Nuclear Receptor	https://en.wikipedia.org/wiki/Nuclear_receptor#Ligands
359	HMDB0001358	Retinal	Retinal	RARG	Solute carrier family 15 member 1	Nuclear Receptor	https://en.wikipedia.org/wiki/Nuclear_receptor#Ligands
360	HMDB0000561	beta-Carotene	beta-Carotene	RARG	Solute carrier family 15 member 1	Nuclear Receptor	https://en.wikipedia.org/wiki/Nuclear_receptor#Ligands
361	HMDB0003178	Heme	Heme	NR1D1	Solute carrier family 15 member 1	Nuclear Receptor	https://en.wikipedia.org/wiki/Nuclear_receptor#Ligands
362	HMDB0003178	Heme	Heme	NR1D2	Solute carrier family 15 member 1	Nuclear Receptor	https://en.wikipedia.org/wiki/Nuclear_receptor#Ligands
363	HMDB0000067	Cholesterol	Cholesterol	RORA	Solute carrier family 15 member 1	Nuclear Receptor	https://en.wikipedia.org/wiki/Nuclear_receptor#Ligands
364	HMDB0000067	Cholesterol	Cholesterol	RORB	Solute carrier family 15 member 1	Nuclear Receptor	https://en.wikipedia.org/wiki/Nuclear_receptor#Ligands
365	HMDB0000067	Cholesterol	Cholesterol	RORC	Solute carrier family 15 member 1	Nuclear Receptor	https://en.wikipedia.org/wiki/Nuclear_receptor#Ligands
366	HMDB0000876	Vitamin D3	Vitamin D3	VDR	Solute carrier family 15 member 1	Nuclear Receptor	https://en.wikipedia.org/wiki/Nuclear_receptor#Ligands
367	HMDB0001358	Retinal	Retinal	RXRA	Solute carrier family 15 member 1	Nuclear Receptor	https://en.wikipedia.org/wiki/Nuclear_receptor#Ligands
368	HMDB0001852	all-trans-Retinoic acid	all-trans-Retinoic acid	RXRA	Solute carrier family 15 member 1	Nuclear Receptor	https://en.wikipedia.org/wiki/Nuclear_receptor#Ligands
369	HMDB0002369	9-cis-Retinoic acid	9-cis-Retinoic acid	RXRA	Solute carrier family 15 member 1	Nuclear Receptor	https://en.wikipedia.org/wiki/Nuclear_receptor#Ligands
370	HMDB0006219	13-cis-Retinoic acid	13-cis-Retinoic acid	RXRA	Solute carrier family 15 member 1	Nuclear Receptor	https://en.wikipedia.org/wiki/Nuclear_receptor#Ligands
371	HMDB0001358	Retinal	Retinal	RXRB	Solute carrier family 15 member 1	Nuclear Receptor	https://en.wikipedia.org/wiki/Nuclear_receptor#Ligands
372	HMDB0001852	all-trans-Retinoic acid	all-trans-Retinoic acid	RXRB	Solute carrier family 15 member 1	Nuclear Receptor	https://en.wikipedia.org/wiki/Nuclear_receptor#Ligands
373	HMDB0002369	9-cis-Retinoic acid	9-cis-Retinoic acid	RXRB	Solute carrier family 15 member 1	Nuclear Receptor	https://en.wikipedia.org/wiki/Nuclear_receptor#Ligands
374	HMDB0006219	13-cis-Retinoic acid	13-cis-Retinoic acid	RXRB	Solute carrier family 15 member 1	Nuclear Receptor	https://en.wikipedia.org/wiki/Nuclear_receptor#Ligands
375	HMDB0001358	Retinal	Retinal	RXRG	Solute carrier family 15 member 1	Nuclear Receptor	https://en.wikipedia.org/wiki/Nuclear_receptor#Ligands
376	HMDB0001852	all-trans-Retinoic acid	all-trans-Retinoic acid	RXRG	Solute carrier family 15 member 1	Nuclear Receptor	https://en.wikipedia.org/wiki/Nuclear_receptor#Ligands
377	HMDB0002369	9-cis-Retinoic acid	9-cis-Retinoic acid	RXRG	Solute carrier family 15 member 1	Nuclear Receptor	https://en.wikipedia.org/wiki/Nuclear_receptor#Ligands
378	HMDB0006219	13-cis-Retinoic acid	13-cis-Retinoic acid	RXRG	Solute carrier family 15 member 1	Nuclear Receptor	https://en.wikipedia.org/wiki/Nuclear_receptor#Ligands
379	HMDB0006216	11-cis-Retinol	11-cis-Retinol	NR2F2	Solute carrier family 15 member 1	Nuclear Receptor	https://en.wikipedia.org/wiki/Nuclear_receptor#Ligands
380	HMDB0000063	Cortisol	Cortisol	NR3C1	Solute carrier family 15 member 1	Nuclear Receptor	https://en.wikipedia.org/wiki/Nuclear_receptor#Ligands
381	HMDB0000037	Aldosterone	Aldosterone	NR3C2	Solute carrier family 15 member 1	Nuclear Receptor	https://en.wikipedia.org/wiki/Nuclear_receptor#Ligands
382	HMDB0001830	Progesterone	Progesterone	PGR	Solute carrier family 15 member 1	Nuclear Receptor	https://en.wikipedia.org/wiki/Nuclear_receptor#Ligands
383	HMDB0002369	9-cis-Retinoic acid	9-cis-Retinoic acid	VDR	Solute carrier family 15 member 1	Nuclear Receptor	15824121
384	HMDB0000053	Androstenedione	Androstenedione	AR	Solute carrier family 15 member 1	Nuclear Receptor	16524719; 28457967; 12647261; 20534728; 24861263; 23856005; 18645714; 23258647
385	HMDB0000031	Androsterone	Androsterone	AR	Solute carrier family 15 member 1	Nuclear Receptor	21303972; 24861263; 12647261
386	HMDB0003550	Calcidiol	Calcidiol	VDR	Solute carrier family 15 member 1	Nuclear Receptor	25201891; 33348854
387	HMDB0001903	Calcitriol	Calcitriol	VDR	Solute carrier family 15 member 1	Nuclear Receptor	29657326; 15077124; 20303786; 28008815; 9211344; 8574944; 9211349; 19667157; 16061850; 10079704; 17629157; 15225804; 21337382; 19371337; 21647319; 16048257; 29367669; 22276021; 29113124; 24597598; 27530414; 12899526; 9144338; 20798257; 12465754; 18290711; 33348854; 33354999; 26000306; 15861036; 12753260; 10633458; 16886687; 17489022; 19034868; 19705334; 25614680; 33211721; 22213328; 8147918; 24060611; 7552094; 20592360; 22720752
389	HMDB0000151	Estradiol	Estradiol	ESR2	Solute carrier family 15 member 1	Nuclear Receptor	25765287; 20173016
390	HMDB0000761	Lithocholic acid	Lithocholic acid	VDR	Solute carrier family 15 member 1	Nuclear Receptor	32863311; 24343899; 20888898; 20006981; 29074825; 19244278; 18180267; 15489543; 19581390; 32213983; 14525957; 16724925; 15824121
391	HMDB0000216	Norepinephrine	Norepinephrine	ADRA1A	Solute carrier family 15 member 1	Receptor	https://en.wikipedia.org/wiki/Adrenergic_receptor
392	HMDB0000068	Epinephrine	Epinephrine	ADRA1A	Solute carrier family 15 member 1	Receptor	https://en.wikipedia.org/wiki/Adrenergic_receptor
393	HMDB0000216	Norepinephrine	Norepinephrine	ADRA1B	Solute carrier family 15 member 1	Receptor	https://en.wikipedia.org/wiki/Adrenergic_receptor
394	HMDB0000068	Epinephrine	Epinephrine	ADRA1B	Solute carrier family 15 member 1	Receptor	https://en.wikipedia.org/wiki/Adrenergic_receptor
395	HMDB0000216	Norepinephrine	Norepinephrine	ADRA1D	Solute carrier family 15 member 1	Receptor	https://en.wikipedia.org/wiki/Adrenergic_receptor
396	HMDB0000068	Epinephrine	Epinephrine	ADRA1D	Solute carrier family 15 member 1	Receptor	https://en.wikipedia.org/wiki/Adrenergic_receptor
397	HMDB0000216	Norepinephrine	Norepinephrine	ADRA2A	Solute carrier family 15 member 1	Receptor	https://en.wikipedia.org/wiki/Adrenergic_receptor
398	HMDB0000068	Epinephrine	Epinephrine	ADRA2A	Solute carrier family 15 member 1	Receptor	https://en.wikipedia.org/wiki/Adrenergic_receptor
399	HMDB0000216	Norepinephrine	Norepinephrine	ADRA2B	Solute carrier family 15 member 1	Receptor	https://en.wikipedia.org/wiki/Adrenergic_receptor
400	HMDB0000068	Epinephrine	Epinephrine	ADRA2B	Solute carrier family 15 member 1	Receptor	https://en.wikipedia.org/wiki/Adrenergic_receptor
401	HMDB0000216	Norepinephrine	Norepinephrine	ADRA2C	Solute carrier family 15 member 1	Receptor	https://en.wikipedia.org/wiki/Adrenergic_receptor
402	HMDB0000068	Epinephrine	Epinephrine	ADRA2C	Solute carrier family 15 member 1	Receptor	https://en.wikipedia.org/wiki/Adrenergic_receptor
403	HMDB0000216	Norepinephrine	Norepinephrine	ADRB1	Solute carrier family 15 member 1	Receptor	https://en.wikipedia.org/wiki/Adrenergic_receptor
404	HMDB0000068	Epinephrine	Epinephrine	ADRB1	Solute carrier family 15 member 1	Receptor	https://en.wikipedia.org/wiki/Adrenergic_receptor
405	HMDB0000216	Norepinephrine	Norepinephrine	ADRB2	Solute carrier family 15 member 1	Receptor	https://en.wikipedia.org/wiki/Adrenergic_receptor
406	HMDB0000068	Epinephrine	Epinephrine	ADRB2	Solute carrier family 15 member 1	Receptor	https://en.wikipedia.org/wiki/Adrenergic_receptor
407	HMDB0000216	Norepinephrine	Norepinephrine	ADRB3	Solute carrier family 15 member 1	Receptor	https://en.wikipedia.org/wiki/Adrenergic_receptor
408	HMDB0000068	Epinephrine	Epinephrine	ADRB3	Solute carrier family 15 member 1	Receptor	https://en.wikipedia.org/wiki/Adrenergic_receptor
409	HMDB0001852	all-trans-Retinoic acid	all-trans-Retinoic acid	RARA	Solute carrier family 15 member 1	Nuclear Receptor	20615454
410	HMDB0001085	Leukotriene B4	Leukotriene B4	PPARA	Solute carrier family 15 member 1	Nuclear Receptor	20615454
411	HMDB0001547	Corticosterone	Corticosterone	NR3C1	Solute carrier family 15 member 1	Nuclear Receptor	20615454
412	HMDB0000518	Chenodeoxycholic acid	Chenodeoxycholic acid	NR1H4	Solute carrier family 15 member 1	Nuclear Receptor	20615454
413	HMDB0006247	25-Hydroxycholesterol	25-Hydroxycholesterol	NR1H3	Solute carrier family 15 member 1	Nuclear Receptor	20615454
414	HMDB0000121	Folic acid	Folic acid	SLC19A1	Solute carrier family 15 member 1	Transporter	28284395
415	HMDB0000235	Thiamine	Thiamine	SLC19A3	Solute carrier family 15 member 1	Transporter	28284395
416	HMDB0000190	L-Lactic acid	Lactate	SLC16A1	Monocarboxylate transporter 1	Transporter	32144120; 22428047
417	HMDB0000077	Dehydroepiandrosterone	Dehydroepiandrosterone	AR	Solute carrier family 15 member 1	Nuclear Receptor	21303972; 24861263; 12647261
418	HMDB0000586	Potassium	Potassium	ABCC8	ATP-binding cassette sub-family C member 8	Transporter	https://en.wikipedia.org/wiki/ABCC8; 23226049; 24399968; 22050960; 24700710
420	HMDB0006111	12-HETE	12-HETE	GPR31	"12-(S)-hydroxy-5,8,10,14-eicosatetraenoic acid receptor"	Receptor	32918516
421	HMDB0000757	Glycogen	Glycogen	STBD1	Starch-binding domain-containing protein 1	Receptor	20810658; 21893048; 32927708; 24837458
423	HMDB0000715	Kynurenic acid	Kynurenic acid	GPR35	G-protein coupled receptor 35	Receptor	22523636; 23123095; 30141532; 29414686; 16754668
424	HMDB0004385	Lipoxin A4	Lipoxin A4	ESR1	Estrogen receptor	Receptor	24587003
425	HMDB0000588	Sodium	Sodium	SLC5A1	Sodium/glucose cotransporter 1	Transporter	Recon2
426	HMDB0000588	Sodium	Sodium	SLC5A5	Sodium/iodide cotransporter	Transporter	Recon2
427	HMDB0000588	Sodium	Sodium	SLC5A3	Sodium/myo-inositol cotransporter	Transporter	Recon2
428	HMDB0000719	L-Homoserine	L-homoserine	SLC43A1	Large neutral amino acids transporter small subunit 3	Transporter	Recon2
429	HMDB0000492	Chloride ion	Chloride	SLC17A1	Sodium-dependent phosphate transport protein 1	Transporter	Recon2
430	HMDB0003229	Palmitoleic acid	Hexadecenoate (n-C16:1)	SLC27A2	Very long-chain acyl-CoA synthetase	Transporter	Recon2
431	HMDB0012238	Iodide	iodide	SLC5A8	Sodium-coupled monocarboxylate transporter 1	Transporter	Recon2
432	HMDB0002003	Tetracosanoic acid	lignocerate	SLC27A2	Very long-chain acyl-CoA synthetase	Transporter	Recon2
433	HMDB0001893	alpha-Tocopherol	(+)-alpha-tocopherol	SCARB1	Scavenger receptor class B member 1	Transporter	Recon2
434	HMDB0001893	alpha-Tocopherol	(+)-alpha-tocopherol	NPC1L1	NPC1-like intracellular cholesterol transporter 1	Transporter	Recon2
435	HMDB0000573	Elaidic acid	elaidate	SLC27A2	Very long-chain acyl-CoA synthetase	Transporter	Recon2
436	HMDB0002086	Adenosylcobalamin	Adenosylcobalamin	CUBN	Cubilin	Transporter	Recon2
437	HMDB0002086	Adenosylcobalamin	Adenosylcobalamin	AMN	Protein amnionless [Cleaved into: Soluble protein amnionless]	Transporter	Recon2
438	HMDB0000630	Cytosine	cytosine	SLC29A2	Equilibrative nucleoside transporter 2	Transporter	Recon2
439	HMDB0006543	Debrisoquine	debrisoquine	SLC22A2	Solute carrier family 22 member 2	Transporter	Recon2
440	HMDB0011733	Glycyl-glycine	Glycyl-glycine	SLC15A1	Solute carrier family 15 member 1	Transporter	Recon2
441	HMDB0000295	Uridine 5'-diphosphate	Uridine 5'-diphosphate	P2RY6	Solute carrier family 15 member 1	Receptor	24335194
442	HMDB0000801	Phytanic acid	Phytanic acid	PPARA	Solute carrier family 15 member 1	Nuclear Receptor	11923221
443	HMDB0000801	Phytanic acid	Phytanic acid	PPARG	Solute carrier family 15 member 1	Nuclear Receptor	11923221
444	HMDB0005079	"15-Deoxy-d-12,14-PGJ2"	"15-Deoxy-d-12,14-PGJ2"	PPARG	Solute carrier family 15 member 1	Nuclear Receptor	20615454